Image,target
508.jpg,odissi
246.jpg,sattriya
473.jpg,odissi
485.jpg,odissi
128.jpg,bharatanatyam
410.jpg,kuchipudi
465.jpg,odissi
196.jpg,kathakali
340.jpg,sattriya
467.jpg,odissi
306.jpg,bharatanatyam
171.jpg,bharatanatyam
323.jpg,sattriya
332.jpg,sattriya
330.jpg,sattriya
170.jpg,bharatanatyam
479.jpg,odissi
9.jpg,kathak
283.jpg,mohiniyattam
114.jpg,bharatanatyam
507.jpg,odissi
183.jpg,kathakali
200.jpg,kathakali
457.jpg,mohiniyattam
264.jpg,mohiniyattam
194.jpg,kathakali
518.jpg,odissi
175.jpg,bharatanatyam
64.jpg,kuchipudi
152.jpg,odissi
270.jpg,mohiniyattam
125.jpg,kuchipudi
38.jpg,kathak
440.jpg,kuchipudi
302.jpg,bharatanatyam
394.jpg,kuchipudi
448.jpg,odissi
463.jpg,odissi
20.jpg,kathak
301.jpg,mohiniyattam
28.jpg,kathak
61.jpg,bharatanatyam
398.jpg,bharatanatyam
349.jpg,manipuri
271.jpg,mohiniyattam
286.jpg,mohiniyattam
431.jpg,kuchipudi
316.jpg,sattriya
224.jpg,kathakali
411.jpg,odissi
278.jpg,mohiniyattam
456.jpg,odissi
45.jpg,kathak
324.jpg,sattriya
6.jpg,kathak
59.jpg,kathak
86.jpg,manipuri
470.jpg,odissi
374.jpg,odissi
132.jpg,bharatanatyam
216.jpg,kathakali
95.jpg,manipuri
17.jpg,kathak
162.jpg,bharatanatyam
346.jpg,sattriya
439.jpg,kuchipudi
232.jpg,kathakali
150.jpg,odissi
401.jpg,odissi
145.jpg,odissi
23.jpg,kathak
514.jpg,odissi
193.jpg,kathakali
416.jpg,sattriya
447.jpg,odissi
220.jpg,kathakali
505.jpg,odissi
147.jpg,odissi
210.jpg,kathakali
40.jpg,kathak
284.jpg,mohiniyattam
55.jpg,kathak
378.jpg,bharatanatyam
520.jpg,odissi
484.jpg,odissi
112.jpg,bharatanatyam
360.jpg,sattriya
317.jpg,kathak
71.jpg,manipuri
202.jpg,kathakali
92.jpg,manipuri
11.jpg,kathak
67.jpg,kathak
138.jpg,bharatanatyam
506.jpg,odissi
146.jpg,kuchipudi
318.jpg,sattriya
198.jpg,kathakali
375.jpg,mohiniyattam
41.jpg,odissi
421.jpg,odissi
129.jpg,bharatanatyam
14.jpg,kathak
460.jpg,sattriya
34.jpg,kathak
380.jpg,kuchipudi
238.jpg,kathakali
392.jpg,odissi
80.jpg,manipuri
517.jpg,odissi
13.jpg,kathak
189.jpg,kathakali
390.jpg,odissi
487.jpg,odissi
438.jpg,kuchipudi
482.jpg,odissi
206.jpg,kathakali
217.jpg,kathakali
285.jpg,bharatanatyam
385.jpg,kuchipudi
495.jpg,odissi
269.jpg,odissi
429.jpg,kuchipudi
291.jpg,mohiniyattam
461.jpg,kuchipudi
256.jpg,mohiniyattam
48.jpg,mohiniyattam
290.jpg,mohiniyattam
437.jpg,kuchipudi
498.jpg,odissi
173.jpg,mohiniyattam
280.jpg,mohiniyattam
119.jpg,bharatanatyam
363.jpg,sattriya
97.jpg,manipuri
414.jpg,odissi
386.jpg,bharatanatyam
424.jpg,kuchipudi
157.jpg,bharatanatyam
33.jpg,kathak
354.jpg,sattriya
57.jpg,kathak
108.jpg,manipuri
239.jpg,kathakali
441.jpg,bharatanatyam
215.jpg,kathakali
373.jpg,kuchipudi
292.jpg,mohiniyattam
110.jpg,manipuri
510.jpg,kuchipudi
275.jpg,mohiniyattam
366.jpg,sattriya
226.jpg,odissi
35.jpg,kathak
458.jpg,odissi
358.jpg,sattriya
